<?xml version="1.0" encoding="UTF-8"?>
<metadata xml:lang="en"><Esri><CreaDate>20181126</CreaDate><CreaTime>12274200</CreaTime><ArcGISFormat>1.0</ArcGISFormat><SyncOnce>TRUE</SyncOnce><DataProperties><itemProps><itemLocation><linkage Sync="TRUE">file://\\Geoserve\Data\G4427\UHI Project\Water_Scene\NLCD2011_TravisCo_water\LC_water.tif</linkage><protocol Sync="TRUE">Local Area Network</protocol></itemLocation></itemProps><copyHistory><copy source="W:\G4427\UHI Project\Water_Scene\LC_water.tif" dest="\\Geoserve\Data\G4427\UHI Project\Water_Scene\NLCD2011_TravisCo_water\LC_water.tif" date="20181126" time="12274200"></copy></copyHistory></DataProperties></Esri></metadata>
