<PAMDataset>
  <Metadata>
    <MDI key="DataType">Thematic</MDI>
  </Metadata>
  <PAMRasterBand band="1">
    <Histograms>
      <HistItem>
        <HistMin>-0.5</HistMin>
        <HistMax>95.5</HistMax>
        <BucketCount>96</BucketCount>
        <IncludeOutOfRange>1</IncludeOutOfRange>
        <Approximate>0</Approximate>
        <HistCounts>0|0|0|0|0|0|0|0|0|0|0|97424|0|0|0|0|0|0|0|0|0|363928|223316|186340|83727|0|0|0|0|0|0|12318|0|0|0|0|0|0|0|0|0|228448|598426|17613|0|0|0|0|0|0|0|0|459465|0|0|0|0|0|0|0|0|0|0|0|0|0|0|0|0|0|0|313515|0|0|0|0|0|0|0|0|0|122888|190055|0|0|0|0|0|0|0|51701|0|0|0|0|668</HistCounts>
      </HistItem>
    </Histograms>
    <Metadata>
      <MDI key="RepresentationType">THEMATIC</MDI>
      <MDI key="STATISTICS_COVARIANCES">453.9501972606022</MDI>
      <MDI key="STATISTICS_EXCLUDEDVALUES"></MDI>
      <MDI key="STATISTICS_MAXIMUM">95</MDI>
      <MDI key="STATISTICS_MEAN">44.737660314217</MDI>
      <MDI key="STATISTICS_MINIMUM">11</MDI>
      <MDI key="STATISTICS_SKIPFACTORX">1</MDI>
      <MDI key="STATISTICS_SKIPFACTORY">1</MDI>
      <MDI key="STATISTICS_STDDEV">21.306107041424</MDI>
    </Metadata>
  </PAMRasterBand>
</PAMDataset>
